name,team,position,player_id,GP,Bye,fan_points,overall_rank,percent_rostered,pass_yds,pass_td,pass_int,pass_sack,rush_attempts,rush_yards,rush_tds,receiving_targets,receiving_receptions,receiving_yards,receiving_tds,fp_rank,TIERS,position_rank,SOS SEASON,ECR VS. ADP
A.J. Brown,TEN,WR,31883,17,13,251.61,22,100%,0.0,0.0,0.0,0.0,0.0,0.0,0.0,130.0,90.8,1409.0,10.7,,,,,
A.J. Green,ARI,WR,24791,17,12,147.19,243,18%,0.0,0.0,0.0,0.0,0.0,0.0,0.0,119.0,75.8,825.0,4.5,,,,,
AJ Dillon,GB,RB,32732,17,13,122.38,74,85%,0.0,0.0,0.0,0.0,167.0,742.0,5.2,20.4,16.8,95.6,0.0,,,,,
Aaron Jones,GB,RB,30295,17,13,292.66,7,100%,0.0,0.0,0.0,0.0,249.0,1202.0,11.3,81.8,63.1,563.0,2.6,,,,,
Aaron Rodgers,GB,QB,7200,17,13,353.24,79,99%,5161.0,38.2,7.5,37.5,18.1,99.4,1.5,0.0,0.0,0.0,0.0,,,,,
Adam Humphries,WAS,WR,29070,17,9,100.53,367,0%,0.0,0.0,0.0,0.0,0.0,0.0,0.0,86.7,54.7,590.0,2.4,,,,,
Adam Thielen,MIN,WR,27277,17,7,215.63,50,98%,0.0,0.0,0.0,0.0,0.0,0.0,0.0,138.0,91.0,1141.0,9.2,,,,,
Adam Trautman,NO,TE,32775,17,6,114.38,211,18%,0.0,0.0,0.0,0.0,0.0,0.0,0.0,71.4,52.6,572.0,5.1,,,,,
Aldrick Rosas,NO,K,29949,0,6,0.0,1851,2%,,,,,,,,,,,,,,,,
Alex Kessman,LAC,K,33677,0,7,0.0,2375,0%,,,,,,,,,,,,,,,,
Alexander Mattison,MIN,RB,31934,17,7,80.79,120,40%,0.0,0.0,0.0,0.0,105.0,449.0,1.0,27.2,21.7,140.0,0.8,,,,,
Allen Robinson II,CHI,WR,27589,17,10,218.98,25,100%,0.0,0.0,0.0,0.0,0.0,0.0,0.0,150.0,93.1,1303.0,6.9,,,,,
Alvin Kamara,NO,RB,30180,17,6,339.15,5,100%,0.0,0.0,0.0,0.0,250.0,1236.0,12.3,102.0,83.7,777.0,3.1,,,,,
Amari Cooper,DAL,WR,28392,17,7,216.12,39,98%,0.0,0.0,0.0,0.0,4.1,22.4,0.0,136.0,94.8,1227.0,7.1,,,,,
Amari Rodgers,GB,WR,33473,17,13,116.29,297,2%,0.0,0.0,0.0,0.0,0.0,0.0,0.0,52.7,35.5,467.0,3.8,,,,,
Amon-Ra St. Brown,DET,WR,33500,17,9,119.74,230,9%,0.0,0.0,0.0,0.0,0.0,0.0,0.0,98.3,57.3,738.0,2.9,,,,,
Anthony Firkser,TEN,TE,30571,17,13,122.38,164,17%,0.0,0.0,0.0,0.0,0.0,0.0,0.0,78.2,61.0,603.0,5.3,,,,,
Anthony Miller,HOU,WR,31021,17,10,87.99,269,0%,0.0,0.0,0.0,0.0,0.0,0.0,0.0,65.0,36.4,490.0,3.5,,,,,
Antonio Brown,TB,WR,24171,17,9,175.56,84,89%,0.0,0.0,0.0,0.0,0.0,0.0,0.0,97.2,73.9,992.0,6.7,,,,,
Antonio Gibson,WAS,RB,32736,17,9,255.44,14,100%,0.0,0.0,0.0,0.0,279.0,1215.0,11.1,54.4,43.8,390.0,0.9,,,,,
Arizona,ARI,DEF,100022,17,12,100.96,302,6%,,,,,,,,,,,,262.0,10.0,DST22,3 out of 5 stars,-23
Atlanta,ATL,DEF,100001,17,6,72.39,336,1%,,,,,,,,,,,,305.0,10.0,DST28,5 out of 5 stars,+76
Austin Ekeler,LAC,RB,30423,17,7,272.73,13,100%,0.0,0.0,0.0,0.0,203.0,919.0,4.3,122.0,99.9,847.0,3.3,,,,,
Austin Hooper,CLE,TE,29315,17,13,131.01,134,47%,0.0,0.0,0.0,0.0,0.0,0.0,0.0,91.8,63.9,651.0,5.9,,,,,
Austin Seibert,DET,K,32002,17,9,105.98,308,0%,,,,,,,,,,,,,,,,
Baker Mayfield,CLE,QB,30971,17,13,323.81,128,75%,4892.0,35.2,13.1,38.1,51.0,137.0,1.1,0.0,0.0,0.0,0.0,,,,,
Baltimore,BAL,DEF,100033,17,8,116.26,160,98%,,,,,,,,,,,,176.0,8.0,DST3,2 out of 5 stars,-58
Ben Roethlisberger,PIT,QB,6770,17,7,292.3,141,41%,4672.0,35.0,13.6,39.5,0.0,0.0,0.0,0.0,0.0,0.0,0.0,,,,,
Blake Haubeil,TEN,K,33831,0,13,0.0,2383,0%,,,,,,,,,,,,,,,,
Blake Jarwin,DAL,TE,30784,17,7,120.29,162,17%,0.0,0.0,0.0,0.0,0.0,0.0,0.0,91.8,61.5,637.0,4.3,,,,,
Boston Scott,PHI,RB,31171,17,14,141.48,198,13%,0.0,0.0,0.0,0.0,85.0,370.0,1.3,64.6,51.0,391.0,2.1,,,,,
Brandin Cooks,HOU,WR,27548,17,10,215.78,93,87%,0.0,0.0,0.0,0.0,0.0,0.0,0.0,156.0,99.3,1308.0,6.1,,,,,
Brandon Aiyuk,SF,WR,32695,17,6,202.07,46,97%,0.0,0.0,0.0,0.0,22.6,101.0,2.0,119.0,81.5,1031.0,5.9,,,,,
Brandon McManus,DEN,K,27120,17,11,118.49,264,16%,,,,,,,,,,,,,,,,
Brian Johnson,CHI,K,33906,0,10,0.0,2379,0%,,,,,,,,,,,,,,,,
Bryan Edwards,LV,WR,32751,17,8,137.17,186,12%,0.0,0.0,0.0,0.0,0.0,0.0,0.0,91.8,62.4,712.0,5.8,,,,,
Buffalo,BUF,DEF,100002,17,7,111.34,220,83%,,,,,,,,,,,,203.0,9.0,DST9,3 out of 5 stars,-53
Cairo Santos,CHI,K,28227,17,10,125.49,354,3%,,,,,,,,,,,,,,,,
Calvin Ridley,ATL,WR,30996,17,6,252.18,16,100%,0.0,0.0,0.0,0.0,0.0,0.0,0.0,157.0,104.0,1456.0,9.0,,,,,
Carlos Hyde,JAX,RB,27585,17,7,108.33,152,16%,0.0,0.0,0.0,0.0,127.0,512.0,2.6,34.0,28.7,271.0,0.0,,,,,
Carolina,CAR,DEF,100029,17,13,80.24,360,28%,,,,,,,,,,,,303.0,10.0,DST27,4 out of 5 stars,-66
Carson Wentz,IND,QB,29236,17,14,303.82,194,17%,4576.0,30.5,22.7,40.4,60.1,262.0,3.4,0.0,0.0,0.0,0.0,,,,,
CeeDee Lamb,DAL,WR,32687,17,7,240.14,28,99%,0.0,0.0,0.0,0.0,0.0,0.0,0.0,144.0,99.1,1304.0,7.2,,,,,
Chase Claypool,PIT,WR,32719,17,7,205.97,63,95%,0.0,0.0,0.0,0.0,6.2,32.1,1.0,116.0,69.4,1010.0,10.3,,,,,
Chase Edmonds,ARI,RB,31104,17,12,208.17,68,94%,0.0,0.0,0.0,0.0,151.0,682.0,3.8,78.3,67.9,631.0,3.3,,,,,
Chase McLaughlin,CLE,K,32417,17,13,137.5,1871,10%,,,,,,,,,,,,,,,,
Chester Rogers,TEN,WR,29609,17,13,109.07,2062,0%,0.0,0.0,0.0,0.0,0.0,0.0,0.0,81.6,63.8,603.0,1.6,,,,,
Chicago,CHI,DEF,100003,17,10,95.31,236,25%,,,,,,,,,,,,225.0,9.0,DST16,2 out of 5 stars,+1
Chris Boswell,PIT,K,28188,17,7,136.39,292,8%,,,,,,,,,,,,,,,,
Chris Carson,SEA,RB,30362,17,9,256.92,30,99%,0.0,0.0,0.0,0.0,260.0,1183.0,9.4,64.6,52.3,416.0,2.6,,,,,
Chris Conley,HOU,WR,28464,17,10,156.0,1826,2%,0.0,0.0,0.0,0.0,0.0,0.0,0.0,136.0,83.2,983.0,2.7,,,,,
Chris Godwin,TB,WR,30197,17,9,246.01,34,100%,0.0,0.0,0.0,0.0,0.0,0.0,0.0,136.0,104.0,1311.0,10.3,,,,,
Chris Herndon,MIN,TE,31077,17,7,82.48,319,2%,0.0,0.0,0.0,0.0,0.0,0.0,0.0,57.8,41.0,425.0,3.3,,,,,
Chris Naggar,CLE,K,33700,0,13,0.0,2392,0%,,,,,,,,,,,,,,,,
Christian Kirk,ARI,WR,31017,17,12,164.38,215,12%,0.0,0.0,0.0,0.0,2.3,12.6,0.0,103.0,67.7,833.0,6.9,,,,,
Christian McCaffrey,CAR,RB,30121,17,13,409.03,1,100%,0.0,0.0,0.0,0.0,309.0,1375.0,12.2,150.0,118.0,1030.0,5.4,,,,,
Cincinnati,CIN,DEF,100004,17,10,70.37,2052,1%,,,,,,,,,,,,374.0,12.0,DST30,3 out of 5 stars,+83
Cleveland,CLE,DEF,100005,17,13,117.03,185,76%,,,,,,,,,,,,218.0,9.0,DST13,3 out of 5 stars,-47
Clyde Edwards-Helaire,KC,RB,32702,17,12,262.57,24,100%,0.0,0.0,0.0,0.0,236.0,1192.0,7.3,68.2,60.3,557.0,2.4,,,,,
Cole Beasley,BUF,WR,26060,17,7,178.86,157,44%,0.0,0.0,0.0,0.0,0.0,0.0,0.0,111.0,85.0,1031.0,5.8,,,,,
Cole Kmet,CHI,TE,32713,17,10,110.4,133,31%,0.0,0.0,0.0,0.0,0.0,0.0,0.0,78.2,55.5,572.0,4.3,,,,,
Cooper Kupp,LAR,WR,30182,17,11,231.69,37,99%,0.0,0.0,0.0,0.0,7.4,46.6,0.0,143.0,104.0,1275.0,7.4,,,,,
Cordarrelle Patterson,ATL,"WR,RB",26652,17,6,114.07,2348,2%,0.0,0.0,0.0,0.0,57.8,349.0,2.3,23.9,19.8,154.0,2.3,,,,,
Corey Davis,NYJ,WR,30118,17,6,205.18,102,86%,0.0,0.0,0.0,0.0,0.0,0.0,0.0,133.0,84.8,1285.0,5.9,,,,,
Courtland Sutton,DEN,WR,31010,17,11,197.98,85,89%,0.0,0.0,0.0,0.0,0.0,0.0,0.0,133.0,84.3,1122.0,7.1,,,,,
Curtis Samuel,WAS,WR,30153,17,9,185.11,123,55%,0.0,0.0,0.0,0.0,37.1,191.0,1.1,102.0,73.2,848.0,6.5,,,,,
D'Andre Swift,DET,RB,32705,17,9,246.4,45,97%,0.0,0.0,0.0,0.0,201.0,861.0,8.8,88.8,64.4,557.0,3.1,,,,,
DJ Chark Jr.,JAX,WR,31031,17,7,192.69,103,78%,0.0,0.0,0.0,0.0,0.0,0.0,0.0,133.0,81.1,1121.0,6.8,,,,,
DJ Moore,CAR,WR,30994,17,13,214.17,43,98%,0.0,0.0,0.0,0.0,7.2,47.0,0.0,137.0,85.8,1310.0,6.1,,,,,
DK Metcalf,SEA,WR,31896,17,9,269.41,19,100%,0.0,0.0,0.0,0.0,0.0,0.0,0.0,144.0,93.6,1537.0,11.3,,,,,
Dak Prescott,DAL,QB,29369,17,7,385.34,57,99%,4798.0,39.0,10.7,39.5,66.9,380.0,4.4,0.0,0.0,0.0,0.0,,,,,
Dallas,DAL,DEF,100006,17,7,85.85,332,4%,,,,,,,,,,,,288.0,10.0,DST25,5 out of 5 stars,-52
Dallas Goedert,PHI,TE,31019,17,14,147.69,94,92%,0.0,0.0,0.0,0.0,0.0,0.0,0.0,104.0,67.7,783.0,6.1,,,,,
Dalvin Cook,MIN,RB,30154,17,7,336.55,2,100%,0.0,0.0,0.0,0.0,346.0,1654.0,14.6,62.9,51.1,435.0,1.8,,,,,
Damien Harris,NE,RB,31919,17,14,205.27,52,95%,0.0,0.0,0.0,0.0,286.0,1279.0,10.5,17.2,12.7,93.7,0.0,,,,,
Damiere Byrd,CHI,WR,28730,17,10,104.56,1832,0%,0.0,0.0,0.0,0.0,3.2,16.8,0.0,83.3,49.5,592.0,3.2,,,,,
Dan Arnold,CAR,TE,30891,17,13,124.49,214,5%,0.0,0.0,0.0,0.0,0.0,0.0,0.0,89.5,59.2,681.0,4.5,,,,,
Dan Bailey,MIN,K,25427,0,7,0.0,301,0%,,,,,,,,,,,,,,,,
Daniel Carlson,LV,K,31137,17,8,136.86,257,29%,,,,,,,,,,,,,,,,
Daniel Jones,NYG,QB,31838,17,10,303.75,145,25%,4128.0,25.8,14.7,43.0,101.0,530.0,3.1,0.0,0.0,0.0,0.0,,,,,
Darius Slayton,NYG,WR,32003,17,10,111.45,209,4%,0.0,0.0,0.0,0.0,0.0,0.0,0.0,73.1,47.1,682.0,3.4,,,,,
Darnell Mooney,CHI,WR,32843,17,10,201.53,129,54%,0.0,0.0,0.0,0.0,5.4,38.0,0.0,131.0,80.5,906.0,5.5,,,,,
Darrel Williams,KC,RB,31500,17,12,116.03,174,15%,0.0,0.0,0.0,0.0,126.0,606.0,1.2,47.6,44.9,257.0,0.0,,,,,
Darrell Henderson Jr.,LAR,RB,31902,17,11,247.06,53,97%,0.0,0.0,0.0,0.0,255.0,1235.0,8.6,60.7,53.0,409.0,1.2,,,,,
Darren Waller,LV,TE,28592,17,8,231.33,23,100%,0.0,0.0,0.0,0.0,0.0,0.0,0.0,155.0,112.0,1280.0,7.7,,,,,
Davante Adams,GB,WR,27581,17,13,293.27,8,100%,0.0,0.0,0.0,0.0,0.0,0.0,0.0,173.0,118.0,1414.0,15.0,,,,,
David Johnson,HOU,RB,28474,17,10,124.27,124,59%,0.0,0.0,0.0,0.0,136.0,545.0,4.9,34.0,24.5,217.0,1.3,,,,,
David Montgomery,CHI,RB,31905,17,10,237.92,31,99%,0.0,0.0,0.0,0.0,275.0,1171.0,9.9,51.8,40.0,343.0,1.0,,,,,
David Njoku,CLE,TE,30142,17,13,83.1,1845,1%,0.0,0.0,0.0,0.0,0.0,0.0,0.0,51.0,36.4,425.0,3.7,,,,,
Dawson Knox,BUF,TE,31928,17,7,116.56,229,6%,0.0,0.0,0.0,0.0,0.0,0.0,0.0,78.2,54.9,605.0,4.8,,,,,
DeAndre Hopkins,ARI,WR,26650,17,12,272.41,17,100%,0.0,0.0,0.0,0.0,0.0,0.0,0.0,169.0,122.0,1498.0,9.8,,,,,
DeSean Jackson,LAR,WR,8826,17,11,106.68,233,3%,0.0,0.0,0.0,0.0,0.0,0.0,0.0,78.2,48.9,733.0,1.5,,,,,
DeVante Parker,MIA,WR,28402,17,14,187.58,154,41%,0.0,0.0,0.0,0.0,0.0,0.0,0.0,122.0,77.1,991.0,8.5,,,,,
DeVonta Smith,PHI,WR,33398,17,14,168.47,99,83%,0.0,0.0,0.0,0.0,0.0,0.0,0.0,109.0,69.6,955.0,6.5,,,,,
Dee Eskridge,SEA,WR,33444,17,9,112.06,2127,1%,0.0,0.0,0.0,0.0,9.6,65.9,0.0,64.6,45.8,654.0,2.9,,,,,
Deebo Samuel,SF,WR,31868,17,6,208.9,86,92%,0.0,0.0,0.0,0.0,24.3,127.0,2.0,111.0,79.1,1012.0,7.1,,,,,
Demarcus Robinson,KC,WR,29360,17,12,98.91,1836,1%,0.0,0.0,0.0,0.0,0.0,0.0,0.0,66.3,50.3,589.0,2.5,,,,,
Denver,DEN,DEF,100007,17,11,106.69,168,87%,,,,,,,,,,,,212.0,9.0,DST12,2 out of 5 stars,-60
Denzel Mims,NYJ,WR,32729,17,6,97.39,283,1%,0.0,0.0,0.0,0.0,0.0,0.0,0.0,73.1,44.5,521.0,4.0,,,,,
Deonte Harris,NO,WR,32398,17,6,176.62,2060,1%,0.0,0.0,0.0,0.0,17.0,104.0,0.0,74.8,52.8,618.0,3.1,,,,,
Derek Carr,LV,QB,27564,17,8,286.83,158,24%,4542.0,29.2,11.8,34.4,33.6,120.0,1.1,0.0,0.0,0.0,0.0,,,,,
Derrick Henry,TEN,RB,29279,17,13,272.91,4,100%,0.0,0.0,0.0,0.0,329.0,1573.0,15.4,17.1,14.3,100.0,0.8,,,,,
Detroit,DET,DEF,100008,17,9,62.46,2259,0%,,,,,,,,,,,,383.0,12.0,DST32,5 out of 5 stars,+14
Devin Duvernay,BAL,WR,32762,17,8,108.88,2369,0%,0.0,0.0,0.0,0.0,11.3,65.7,0.0,51.7,33.8,432.0,2.8,,,,,
Devin Singletary,BUF,RB,31906,17,7,180.02,110,79%,0.0,0.0,0.0,0.0,196.0,933.0,4.0,51.0,44.6,343.0,1.2,,,,,
Devontae Booker,NYG,RB,29370,17,10,84.42,216,8%,0.0,0.0,0.0,0.0,111.0,450.0,1.4,27.2,20.8,162.0,0.8,,,,,
Diontae Johnson,PIT,WR,31898,17,7,236.54,59,97%,0.0,0.0,0.0,0.0,11.3,65.6,0.0,167.0,109.0,1293.0,7.9,,,,,
Dominik Eberle,CAR,K,33352,0,13,0.0,2396,0%,,,,,,,,,,,,,,,,
Donald Parham Jr.,LAC,TE,32456,17,7,85.96,278,1%,0.0,0.0,0.0,0.0,0.0,0.0,0.0,64.6,41.5,486.0,2.8,,,,,
Donovan Peoples-Jones,CLE,WR,32857,17,13,92.15,335,2%,0.0,0.0,0.0,0.0,0.0,0.0,0.0,52.7,33.9,447.0,1.7,,,,,
Dustin Hopkins,WAS,K,26800,17,9,124.15,263,6%,,,,,,,,,,,,,,,,
Dyami Brown,WAS,WR,33470,17,9,121.33,256,1%,0.0,0.0,0.0,0.0,0.0,0.0,0.0,84.0,51.8,705.0,4.2,,,,,
Elijah Moore,NYJ,WR,33422,17,6,186.66,148,39%,0.0,0.0,0.0,0.0,0.0,0.0,0.0,128.0,81.8,1080.0,6.3,,,,,
Emmanuel Sanders,BUF,WR,24057,17,7,173.71,176,20%,0.0,0.0,0.0,0.0,1.3,11.9,0.0,105.0,72.9,965.0,6.6,,,,,
Eric Ebron,PIT,TE,27538,17,7,107.65,272,9%,0.0,0.0,0.0,0.0,0.0,0.0,0.0,85.0,54.8,545.0,4.3,,,,,
Evan Engram,NYG,TE,30136,17,10,117.57,130,50%,0.0,0.0,0.0,0.0,0.0,0.0,0.0,102.0,63.5,662.0,3.5,,,,,
Evan McPherson,CIN,K,33537,17,10,111.9,2385,3%,,,,,,,,,,,,,,,,
Ezekiel Elliott,DAL,RB,29238,17,7,298.59,3,100%,0.0,0.0,0.0,0.0,315.0,1512.0,13.3,51.0,43.7,394.0,0.9,,,,,
Gabriel Davis,BUF,WR,32798,17,7,103.29,227,9%,0.0,0.0,0.0,0.0,0.0,0.0,0.0,66.3,44.6,607.0,3.5,,,,,
George Kittle,SF,TE,30259,17,6,232.66,36,100%,0.0,0.0,0.0,0.0,0.0,0.0,0.0,129.0,93.3,1260.0,9.6,,,,,
Gerald Everett,SEA,TE,30157,17,9,136.24,119,65%,0.0,0.0,0.0,0.0,0.0,0.0,0.0,108.0,78.9,818.0,2.5,,,,,
Giovani Bernard,TB,RB,26660,17,9,118.9,136,32%,0.0,0.0,0.0,0.0,47.6,215.0,1.5,61.2,61.0,488.0,1.5,,,,,
Graham Gano,NYG,K,9526,17,10,122.29,309,5%,,,,,,,,,,,,,,,,
Green Bay,GB,DEF,100009,17,13,101.5,252,18%,,,,,,,,,,,,237.0,9.0,DST17,5 out of 5 stars,-5
Greg Joseph,MIN,K,31538,17,7,125.41,2391,1%,,,,,,,,,,,,,,,,
Greg Zuerlein,DAL,K,25881,17,7,141.31,205,84%,,,,,,,,,,,,,,,,
Gus Edwards,BAL,RB,31424,17,8,199.81,38,94%,0.0,0.0,0.0,0.0,253.0,1195.0,9.1,25.5,18.4,171.0,0.0,,,,,
Harrison Butker,KC,K,30346,17,12,151.76,173,100%,,,,,,,,,,,,,,,,
Hayden Hurst,ATL,TE,30995,17,6,92.15,255,5%,0.0,0.0,0.0,0.0,0.0,0.0,0.0,66.3,43.5,439.0,4.4,,,,,
Henry Ruggs III,LV,WR,32682,17,8,159.93,161,44%,0.0,0.0,0.0,0.0,10.8,67.2,0.0,95.2,54.2,936.0,5.4,,,,,
Houston,HOU,DEF,100034,17,10,57.33,339,1%,,,,,,,,,,,,361.0,11.0,DST29,2 out of 5 stars,+6
Hunter Henry,NE,TE,29269,17,14,166.19,137,60%,0.0,0.0,0.0,0.0,0.0,0.0,0.0,107.0,77.6,880.0,6.2,,,,,
Hunter Renfrow,LV,WR,31981,17,8,98.31,318,2%,0.0,0.0,0.0,0.0,0.0,0.0,0.0,68.0,47.7,555.0,2.2,,,,,
Indianapolis,IND,DEF,100011,17,14,107.2,210,70%,,,,,,,,,,,,193.0,8.0,DST7,2 out of 5 stars,-29
J.D. McKissic,WAS,RB,29650,17,9,115.46,144,36%,0.0,0.0,0.0,0.0,51.0,212.0,1.3,88.4,68.1,437.0,1.5,,,,,
JJ Molson,GB,K,33371,0,13,0.0,2377,0%,,,,,,,,,,,,,,,,
Ja'Marr Chase,CIN,WR,33393,17,10,178.66,73,93%,0.0,0.0,0.0,0.0,0.0,0.0,0.0,125.0,74.8,1034.0,6.5,,,,,
Jacksonville,JAX,DEF,100030,17,7,74.04,307,2%,,,,,,,,,,,,294.0,10.0,DST26,2 out of 5 stars,+76
Jake Elliott,PHI,K,30266,17,14,116.33,270,3%,,,,,,,,,,,,,,,,
Jake Verity,BAL,K,33918,0,8,0.0,2382,0%,,,,,,,,,,,,,,,,
Jakeem Grant,MIA,WR,29420,17,14,117.7,1860,0%,0.0,0.0,0.0,0.0,4.0,23.9,0.0,68.0,43.8,503.0,1.0,,,,,
Jakobi Meyers,NE,WR,32231,17,14,193.1,127,50%,0.0,0.0,0.0,0.0,2.4,23.2,0.0,138.0,91.9,1235.0,3.8,,,,,
Jalen Guyton,LAC,WR,32201,17,7,94.48,1857,0%,0.0,0.0,0.0,0.0,0.0,0.0,0.0,66.3,37.2,569.0,3.2,,,,,
Jalen Hurts,PHI,QB,32723,17,14,337.97,80,95%,3724.0,24.1,9.5,36.1,121.0,804.0,6.3,0.0,0.0,0.0,0.0,,,,,
Jalen Reagor,PHI,WR,32691,17,14,170.4,170,25%,0.0,0.0,0.0,0.0,5.6,40.5,0.0,123.0,76.4,1024.0,4.5,,,,,
Jamaal Williams,DET,RB,30247,17,9,95.57,92,74%,0.0,0.0,0.0,0.0,111.0,434.0,2.5,35.2,27.3,229.0,0.1,,,,,
Jameis Winston,NO,QB,28389,17,6,317.62,192,42%,4767.0,31.7,21.3,34.6,50.0,192.0,4.1,0.0,0.0,0.0,0.0,,,,,
James Conner,ARI,RB,30218,17,12,192.16,90,87%,0.0,0.0,0.0,0.0,194.0,865.0,8.7,49.3,39.1,288.0,1.1,,,,,
James Robinson,JAX,RB,33138,17,7,219.56,32,98%,0.0,0.0,0.0,0.0,279.0,1201.0,7.8,51.1,36.5,260.0,1.5,,,,,
James White,NE,RB,27658,17,14,107.85,143,28%,0.0,0.0,0.0,0.0,39.1,165.0,1.5,73.1,58.3,459.0,1.3,,,,,
Jamison Crowder,NYJ,WR,28493,17,6,187.22,181,38%,0.0,0.0,0.0,0.0,3.1,14.1,0.0,136.0,94.2,1027.0,6.3,,,,,
Jared Cook,LAC,TE,9353,17,7,105.19,156,27%,0.0,0.0,0.0,0.0,0.0,0.0,0.0,71.4,52.1,507.0,4.9,,,,,
Jared Goff,DET,QB,29235,17,9,237.82,212,8%,3878.0,23.9,14.1,36.0,17.8,58.1,2.4,0.0,0.0,0.0,0.0,,,,,
Jarvis Landry,CLE,WR,27591,17,13,191.87,121,79%,0.0,0.0,0.0,0.0,0.0,0.0,0.0,139.0,97.4,1114.0,5.5,,,,,
Jason Myers,SEA,K,28378,17,9,129.41,259,30%,,,,,,,,,,,,,,,,
Jason Sanders,MIA,K,31199,17,14,133.28,245,72%,,,,,,,,,,,,,,,,
Javonte Williams,DEN,RB,33423,17,11,171.4,70,91%,0.0,0.0,0.0,0.0,217.0,893.0,6.1,34.8,29.5,246.0,1.0,,,,,
Jaylen Waddle,MIA,WR,33394,17,14,177.01,139,66%,0.0,0.0,0.0,0.0,0.0,0.0,0.0,117.0,74.1,1047.0,6.0,,,,,
Jerry Jeudy,DEN,WR,32685,17,11,215.06,64,95%,0.0,0.0,0.0,0.0,0.0,0.0,0.0,145.0,87.1,1272.0,7.6,,,,,
Jimmy Garoppolo,SF,QB,27590,17,6,288.15,312,8%,4469.0,31.2,14.3,33.8,17.0,67.2,1.8,0.0,0.0,0.0,0.0,,,,,
Joe Burrow,CIN,QB,32671,17,10,314.48,104,87%,4224.0,32.9,10.5,35.8,50.2,242.0,3.0,0.0,0.0,0.0,0.0,,,,,
Joe Mixon,CIN,RB,30161,17,10,256.9,20,100%,0.0,0.0,0.0,0.0,319.0,1329.0,8.1,68.0,54.6,433.0,1.0,,,,,
Jonathan Taylor,IND,RB,32711,17,14,303.36,10,100%,0.0,0.0,0.0,0.0,291.0,1509.0,14.2,50.5,40.3,357.0,1.7,,,,,
Jonnu Smith,NE,TE,30213,17,14,120.09,122,69%,0.0,0.0,0.0,0.0,0.0,0.0,0.0,81.6,52.8,597.0,5.7,,,,,
Jordan Akins,HOU,TE,31068,17,10,90.81,365,0%,0.0,0.0,0.0,0.0,0.0,0.0,0.0,71.4,48.9,577.0,1.4,,,,,
Jose Borregales,TB,K,33867,17,9,0.0,2390,0%,,,,,,,,,,,,,,,,
Josh Allen,BUF,QB,30977,17,7,425.08,35,100%,4929.0,38.4,13.2,30.7,84.9,591.0,7.0,0.0,0.0,0.0,0.0,,,,,
Josh Jacobs,LV,RB,31856,17,8,200.89,44,98%,0.0,0.0,0.0,0.0,234.0,1038.0,9.9,34.0,27.2,229.0,0.0,,,,,
Josh Lambo,JAX,K,28685,17,7,130.95,282,6%,,,,,,,,,,,,,,,,
Josh Reynolds,TEN,WR,30230,17,13,91.4,265,1%,0.0,0.0,0.0,0.0,1.0,5.9,0.0,71.4,45.4,562.0,2.0,,,,,
Joshua Palmer,LAC,WR,33465,17,7,95.63,249,3%,0.0,0.0,0.0,0.0,0.0,0.0,0.0,76.5,46.8,587.0,2.2,,,,,
JuJu Smith-Schuster,PIT,WR,30175,17,7,199.76,83,93%,0.0,0.0,0.0,0.0,0.0,0.0,0.0,143.0,93.8,1065.0,7.5,,,,,
Julio Jones,TEN,WR,24793,17,13,198.75,48,98%,0.0,0.0,0.0,0.0,0.0,0.0,0.0,129.0,86.1,1214.0,5.9,,,,,
Justice Hill,BAL,RB,31945,17,8,102.2,234,5%,0.0,0.0,0.0,0.0,95.2,447.0,0.2,49.3,42.6,289.0,1.1,,,,,
Justin Fields,CHI,QB,33399,17,10,215.77,138,54%,2686.0,20.8,9.4,30.0,65.0,331.0,2.8,0.0,0.0,0.0,0.0,,,,,
Justin Herbert,LAC,QB,32676,17,7,367.65,76,99%,4858.0,34.8,13.0,39.9,69.7,445.0,3.6,0.0,0.0,0.0,0.0,,,,,
Justin Jefferson,MIN,WR,32692,17,7,247.68,21,100%,0.0,0.0,0.0,0.0,1.9,11.6,0.0,140.0,91.7,1348.0,10.5,,,,,
Justin Tucker,BAL,K,26534,17,8,152.59,169,100%,,,,,,,,,,,,,,,,
Juwan Johnson,NO,"WR,TE",33113,17,6,101.12,171,9%,0.0,0.0,0.0,0.0,0.0,0.0,0.0,59.5,45.5,492.0,4.9,,,,,
KJ Hamler,DEN,WR,32716,17,11,136.51,239,2%,0.0,0.0,0.0,0.0,7.7,44.9,0.0,93.5,55.8,724.0,5.5,,,,,
Ka'imi Fairbairn,HOU,K,29792,17,10,101.54,289,1%,,,,,,,,,,,,,,,,
Kadarius Toney,NYG,WR,33408,17,10,130.96,285,3%,0.0,0.0,0.0,0.0,15.4,88.3,0.0,69.1,42.9,556.0,4.1,,,,,
Kalif Raymond,DET,WR,29631,17,9,122.83,2455,0%,0.0,0.0,0.0,0.0,0.0,0.0,0.0,91.8,62.4,649.0,0.3,,,,,
Kansas City,KC,DEF,100012,17,12,109.52,195,76%,,,,,,,,,,,,205.0,9.0,DST10,1 out of 5 stars,-20
Kareem Hunt,CLE,RB,30199,17,13,200.74,61,96%,0.0,0.0,0.0,0.0,173.0,780.0,5.7,58.3,53.3,405.0,3.7,,,,,
Keelan Cole Sr.,NYJ,WR,30396,17,6,117.7,267,1%,0.0,0.0,0.0,0.0,1.0,5.0,0.0,85.0,49.6,627.0,5.0,,,,,
Keenan Allen,LAC,WR,26699,17,7,235.37,26,100%,0.0,0.0,0.0,0.0,0.0,0.0,0.0,170.0,116.0,1320.0,7.7,,,,,
Kendrick Bourne,NE,WR,30551,17,14,103.02,340,1%,0.0,0.0,0.0,0.0,0.0,0.0,0.0,85.0,53.8,646.0,1.9,,,,,
Kenny Golladay,NYG,WR,30209,17,10,199.94,82,91%,0.0,0.0,0.0,0.0,0.0,0.0,0.0,119.0,76.4,1057.0,9.1,,,,,
Kenyan Drake,LV,RB,29307,17,8,137.29,100,77%,0.0,0.0,0.0,0.0,166.0,686.0,5.0,34.0,27.3,190.0,1.2,,,,,
Kirk Cousins,MIN,QB,25812,17,7,309.79,109,69%,4666.0,33.7,14.1,41.3,34.0,155.0,1.1,0.0,0.0,0.0,0.0,,,,,
Kyle Pitts,ATL,TE,33392,17,6,187.69,47,100%,0.0,0.0,0.0,0.0,0.0,0.0,0.0,110.0,88.9,1004.0,7.1,,,,,
Kyler Murray,ARI,QB,31833,17,12,401.6,54,100%,4557.0,31.8,14.3,36.8,120.0,790.0,7.3,0.0,0.0,0.0,0.0,,,,,
Lamar Jackson,BAL,QB,31002,17,8,381.48,49,100%,3493.0,29.3,10.1,36.9,154.0,1126.0,6.9,0.0,0.0,0.0,0.0,,,,,
Las Vegas,LV,DEF,100013,17,8,71.07,2056,1%,,,,,,,,,,,,378.0,12.0,DST31,4 out of 5 stars,-
Latavius Murray,NO,RB,26804,17,6,100.17,167,27%,0.0,0.0,0.0,0.0,109.0,465.0,3.4,28.9,23.9,156.0,1.2,,,,,
Laviska Shenault Jr.,JAX,WR,32712,17,7,197.85,106,78%,0.0,0.0,0.0,0.0,35.9,152.0,1.2,116.0,77.5,965.0,6.9,,,,,
Leonard Fournette,TB,RB,30117,17,9,161.76,88,90%,0.0,0.0,0.0,0.0,157.0,719.0,6.6,44.2,39.2,256.0,1.0,,,,,
Logan Thomas,WAS,TE,27648,17,9,176.7,75,96%,0.0,0.0,0.0,0.0,0.0,0.0,0.0,153.0,98.5,883.0,6.7,,,,,
Los Angeles,LAC,DEF,100024,17,7,94.11,218,40%,,,,,,,,,,,,223.0,9.0,DST15,4 out of 5 stars,+48
Los Angeles,LAR,DEF,100014,17,11,119.34,140,100%,,,,,,,,,,,,169.0,8.0,DST2,3 out of 5 stars,-71
Mac Jones,NE,QB,33403,17,14,279.23,260,26%,4652.0,29.3,12.7,45.5,35.7,76.9,0.7,0.0,0.0,0.0,0.0,,,,,
Malcolm Brown,MIA,RB,28990,17,14,110.18,155,14%,0.0,0.0,0.0,0.0,166.0,699.0,1.9,25.5,21.6,178.0,0.0,,,,,
Mark Andrews,BAL,TE,31056,17,8,210.08,55,100%,0.0,0.0,0.0,0.0,0.0,0.0,0.0,118.0,84.4,985.0,10.8,,,,,
Mark Ingram II,HOU,RB,24815,17,10,102.15,223,19%,0.0,0.0,0.0,0.0,150.0,586.0,5.0,17.0,14.1,62.4,0.0,,,,,
Marquez Callaway,NO,WR,33109,17,6,176.54,131,67%,0.0,0.0,0.0,0.0,0.0,0.0,0.0,127.0,82.1,971.0,6.4,,,,,
Marquez Valdes-Scantling,GB,WR,31144,17,13,154.6,202,12%,0.0,0.0,0.0,0.0,3.1,24.0,0.0,95.2,54.2,879.0,6.2,,,,,
Marquise Brown,BAL,WR,31857,17,8,190.48,125,53%,0.0,0.0,0.0,0.0,0.0,0.0,0.0,119.0,71.7,1079.0,8.0,,,,,
Marquise Goodwin,CHI,WR,26701,17,10,82.25,2059,0%,0.0,0.0,0.0,0.0,0.0,0.0,0.0,59.5,35.6,523.0,2.0,,,,,
Marvin Jones Jr.,JAX,WR,25876,17,7,180.48,115,62%,0.0,0.0,0.0,0.0,0.0,0.0,0.0,116.0,74.9,964.0,7.6,,,,,
Mason Crosby,GB,K,8447,17,13,125.77,271,28%,,,,,,,,,,,,,,,,
Matt Ammendola,NYJ,K,33381,17,6,92.47,2386,0%,,,,,,,,,,,,,,,,
Matt Gay,LAR,K,31977,17,11,143.17,244,77%,,,,,,,,,,,,,,,,
Matt McCrane,CLE,K,31310,0,13,0.0,2388,0%,,,,,,,,,,,,,,,,
Matt Prater,ARI,K,8565,17,12,125.52,262,28%,,,,,,,,,,,,,,,,
Matt Ryan,ATL,QB,8780,17,6,295.15,107,76%,4884.0,30.5,13.0,38.0,20.4,61.5,0.8,0.0,0.0,0.0,0.0,,,,,
Matthew Stafford,LAR,QB,9265,17,11,327.24,96,95%,5203.0,32.3,11.9,33.0,33.1,125.0,1.2,0.0,0.0,0.0,0.0,,,,,
Mecole Hardman,KC,WR,31888,17,12,227.04,135,64%,0.0,0.0,0.0,0.0,0.0,0.0,0.0,106.0,76.7,1113.0,6.6,,,,,
Melvin Gordon III,DEN,RB,28403,17,11,146.1,72,91%,0.0,0.0,0.0,0.0,196.0,848.0,4.5,34.0,28.4,153.0,0.9,,,,,
Miami,MIA,DEF,100015,17,14,98.95,237,34%,,,,,,,,,,,,219.0,9.0,DST14,2 out of 5 stars,-25
Michael Carter,NYJ,RB,33495,17,6,122.15,105,69%,0.0,0.0,0.0,0.0,98.6,447.0,4.9,39.1,31.5,321.0,0.0,,,,,
Michael Gallup,DAL,WR,31051,17,7,190.64,98,76%,0.0,0.0,0.0,0.0,0.0,0.0,0.0,126.0,81.8,1109.0,6.6,,,,,
Michael Pittman Jr.,IND,WR,32704,17,14,190.29,116,68%,0.0,0.0,0.0,0.0,6.3,45.4,0.0,113.0,79.0,1069.0,6.4,,,,,
Michael Thomas,NO,WR,29281,17,6,169.43,147,79%,0.0,0.0,0.0,0.0,0.0,0.0,0.0,112.0,79.4,943.0,5.7,,,,,
Mike Boone,DEN,RB,31228,17,11,80.66,2450,0%,0.0,0.0,0.0,0.0,150.0,632.0,0.0,15.0,14.9,99.6,0.0,,,,,
Mike Davis,ATL,RB,28514,17,6,202.28,51,96%,0.0,0.0,0.0,0.0,212.0,945.0,6.2,61.2,48.6,400.0,1.1,,,,,
Mike Evans,TB,WR,27535,17,9,232.15,33,100%,0.0,0.0,0.0,0.0,0.0,0.0,0.0,128.0,87.6,1230.0,10.4,,,,,
Mike Gesicki,MIA,TE,31012,17,14,147.6,117,86%,0.0,0.0,0.0,0.0,0.0,0.0,0.0,102.0,66.7,824.0,5.3,,,,,
Mike Williams,LAC,WR,30120,17,7,204.47,113,73%,0.0,0.0,0.0,0.0,0.0,0.0,0.0,109.0,68.6,1096.0,9.9,,,,,
Miles Sanders,PHI,RB,31885,17,14,218.66,42,98%,0.0,0.0,0.0,0.0,247.0,1160.0,7.5,51.0,39.6,336.0,0.9,,,,,
Minnesota,MIN,DEF,100016,17,7,103.51,241,22%,,,,,,,,,,,,243.0,9.0,DST19,3 out of 5 stars,-12
Mo Alie-Cox,IND,TE,30112,17,14,111.72,281,1%,0.0,0.0,0.0,0.0,0.0,0.0,0.0,73.1,52.2,672.0,3.1,,,,,
Myles Gaskin,MIA,RB,32066,17,14,210.74,62,95%,0.0,0.0,0.0,0.0,218.0,919.0,7.5,61.2,51.5,416.0,1.3,,,,,
Najee Harris,PIT,RB,33412,17,7,264.8,18,100%,0.0,0.0,0.0,0.0,253.0,1143.0,9.7,64.6,54.9,501.0,2.6,,,,,
Nelson Agholor,NE,WR,28408,17,14,188.84,179,36%,0.0,0.0,0.0,0.0,0.0,0.0,0.0,119.0,68.5,1032.0,8.8,,,,,
New England,NE,DEF,100017,17,14,105.51,201,77%,,,,,,,,,,,,197.0,9.0,DST8,0 out of 5 stars,-25
New Orleans,NO,DEF,100018,17,6,101.59,226,33%,,,,,,,,,,,,211.0,9.0,DST11,3 out of 5 stars,+29
New York,NYG,DEF,100019,17,10,92.17,286,5%,,,,,,,,,,,,265.0,10.0,DST23,4 out of 5 stars,-4
New York,NYJ,DEF,100020,17,6,71.53,304,1%,,,,,,,,,,,,279.0,10.0,DST24,4 out of 5 stars,+97
Nick Chubb,CLE,RB,31005,17,13,287.22,6,100%,0.0,0.0,0.0,0.0,304.0,1513.0,12.7,43.9,37.4,327.0,1.2,,,,,
Nick Folk,NE,K,8432,0,14,0.0,359,14%,,,,,,,,,,,,,,,,
Nico Collins,HOU,WR,33477,17,10,142.87,228,2%,0.0,0.0,0.0,0.0,0.0,0.0,0.0,109.0,65.7,828.0,4.5,,,,,
Noah Fant,DEN,TE,31852,17,11,188.82,97,94%,0.0,0.0,0.0,0.0,0.0,0.0,0.0,133.0,92.7,1062.0,5.9,,,,,
Nyheim Hines,IND,RB,31074,17,14,183.78,118,68%,0.0,0.0,0.0,0.0,79.9,373.0,3.5,85.0,70.8,536.0,3.7,,,,,
O.J. Howard,TB,TE,30132,17,9,95.67,295,3%,0.0,0.0,0.0,0.0,0.0,0.0,0.0,64.6,45.4,520.0,3.5,,,,,
Odell Beckham Jr.,CLE,WR,27540,17,13,208.28,67,96%,0.0,0.0,0.0,0.0,0.0,0.0,0.0,125.0,83.8,1223.0,7.5,,,,,
Olamide Zaccheaus,ATL,WR,32123,17,6,121.06,2027,0%,0.0,0.0,0.0,0.0,0.0,0.0,0.0,91.8,60.3,728.0,3.0,,,,,
Parris Campbell,IND,WR,31891,17,14,165.72,232,11%,0.0,0.0,0.0,0.0,0.0,0.0,0.0,113.0,73.2,1004.0,4.8,,,,,
Pat Freiermuth,PIT,TE,33443,17,7,97.81,213,10%,0.0,0.0,0.0,0.0,0.0,0.0,0.0,76.5,46.4,601.0,2.4,,,,,
Patrick Mahomes,KC,QB,30123,17,12,427.35,29,100%,5547.0,44.0,6.9,29.7,51.0,305.0,2.9,0.0,0.0,0.0,0.0,,,,,
Philadelphia,PHI,DEF,100021,17,14,82.89,258,6%,,,,,,,,,,,,256.0,10.0,DST20,4 out of 5 stars,+20
Phillip Lindsay,HOU,RB,31379,17,10,109.86,114,51%,0.0,0.0,0.0,0.0,190.0,787.0,2.9,17.0,12.3,86.7,0.0,,,,,
Pittsburgh,PIT,DEF,100023,17,7,104.15,149,97%,,,,,,,,,,,,168.0,8.0,DST1,2 out of 5 stars,-66
Preston Williams,MIA,WR,32447,17,14,84.84,296,0%,0.0,0.0,0.0,0.0,0.0,0.0,0.0,59.5,34.1,499.0,3.0,,,,,
Quez Watkins,PHI,WR,32870,17,14,92.77,1863,2%,0.0,0.0,0.0,0.0,0.0,0.0,0.0,76.5,45.6,565.0,2.2,,,,,
Quinn Nordin,NE,K,33787,17,14,130.26,2394,2%,,,,,,,,,,,,,,,,
Quintez Cephus,DET,WR,32836,17,9,87.52,333,1%,0.0,0.0,0.0,0.0,0.0,0.0,0.0,64.6,38.9,516.0,2.7,,,,,
Raheem Mostert,SF,RB,28654,17,6,211.38,71,94%,0.0,0.0,0.0,0.0,205.0,1002.0,7.4,44.2,35.6,415.0,1.5,,,,,
Randall Cobb,GB,WR,24851,17,13,140.77,253,16%,0.0,0.0,0.0,0.0,0.0,6.8,0.0,102.0,70.0,789.0,4.4,,,,,
Randy Bullock,DET,K,25871,0,9,0.0,313,0%,,,,,,,,,,,,,,,,
Rashard Higgins,CLE,WR,29406,17,13,102.07,327,1%,0.0,0.0,0.0,0.0,0.0,0.0,0.0,68.0,47.3,614.0,2.8,,,,,
Rashod Bateman,BAL,WR,33415,17,8,104.61,187,15%,0.0,0.0,0.0,0.0,0.0,0.0,0.0,70.5,44.8,603.0,3.7,,,,,
Rhamondre Stevenson,NE,RB,33508,17,14,89.53,175,25%,0.0,0.0,0.0,0.0,114.0,464.0,3.5,25.5,21.3,117.0,0.0,,,,,
Riley Patterson,MIN,K,33781,0,7,0.0,2389,0%,,,,,,,,,,,,,,,,
Rob Gronkowski,TB,TE,24017,17,9,149.38,142,80%,0.0,0.0,0.0,0.0,0.0,0.0,0.0,94.9,65.3,793.0,5.9,,,,,
Robbie Gould,SF,K,7520,17,6,143.69,224,76%,,,,,,,,,,,,,,,,
Robby Anderson,CAR,WR,29785,17,13,205.41,65,94%,0.0,0.0,0.0,0.0,4.1,21.5,0.0,134.0,86.1,1244.0,6.1,,,,,
Robert Tonyan,GB,TE,30777,17,13,162.32,87,96%,0.0,0.0,0.0,0.0,0.0,0.0,0.0,97.2,71.6,752.0,8.4,,,,,
Robert Woods,LAR,WR,26664,17,11,218.44,40,98%,0.0,0.0,0.0,0.0,23.4,133.0,1.1,155.0,109.0,1199.0,4.3,,,,,
Roberto Aguayo,NE,K,29293,0,14,0.0,2378,0%,,,,,,,,,,,,,,,,
Rodrigo Blankenship,IND,K,33211,17,14,139.81,248,76%,,,,,,,,,,,,,,,,
Ronald Jones II,TB,RB,31008,17,9,203.22,81,93%,0.0,0.0,0.0,0.0,191.0,938.0,11.9,28.9,25.9,177.0,1.4,,,,,
Rondale Moore,ARI,WR,33437,17,12,173.63,191,19%,0.0,0.0,0.0,0.0,20.1,110.0,1.0,87.0,56.6,701.0,4.8,,,,,
Russell Gage,ATL,WR,31164,17,6,179.08,172,25%,0.0,0.0,0.0,0.0,1.4,11.1,0.0,138.0,89.8,1013.0,5.5,,,,,
Russell Wilson,SEA,QB,25785,17,9,385.46,66,100%,5051.0,37.9,13.3,39.9,68.1,500.0,2.0,0.0,0.0,0.0,0.0,,,,,
Ryan Fitzpatrick,WAS,QB,7426,17,9,309.47,126,48%,4610.0,31.6,22.2,42.9,51.4,212.0,3.0,0.0,0.0,0.0,0.0,,,,,
Ryan Santoso,CAR,K,31643,17,13,112.37,2380,0%,,,,,,,,,,,,,,,,
Ryan Succop,TB,K,9520,17,9,149.34,222,81%,,,,,,,,,,,,,,,,
Ryan Tannehill,TEN,QB,25718,17,13,339.02,91,94%,4360.0,33.2,10.0,36.0,54.4,315.0,4.9,0.0,0.0,0.0,0.0,,,,,
Sam Darnold,CAR,QB,30973,17,13,295.54,178,15%,4596.0,29.5,15.7,37.9,51.0,239.0,1.1,0.0,0.0,0.0,0.0,,,,,
Sam Ficken,TEN,K,30038,17,13,116.26,1853,1%,,,,,,,,,,,,,,,,
Sam Sloman,PIT,K,32918,0,7,0.0,310,0%,,,,,,,,,,,,,,,,
Sammy Watkins,BAL,WR,27532,17,8,155.42,254,9%,0.0,0.0,0.0,0.0,0.0,0.0,0.0,116.0,78.2,865.0,5.0,,,,,
San Francisco,SF,DEF,100025,17,6,114.37,153,98%,,,,,,,,,,,,186.0,8.0,DST5,3 out of 5 stars,-62
Saquon Barkley,NYG,RB,30972,17,10,286.7,12,100%,0.0,0.0,0.0,0.0,285.0,1322.0,11.7,67.0,49.6,460.0,2.1,,,,,
Scotty Miller,TB,WR,32040,17,9,80.59,328,1%,0.0,0.0,0.0,0.0,0.0,0.0,0.0,49.3,35.0,494.0,2.3,,,,,
Seattle,SEA,DEF,100026,17,9,98.22,266,10%,,,,,,,,,,,,238.0,9.0,DST18,4 out of 5 stars,-11
Sony Michel,LAR,RB,31001,17,11,101.23,95,69%,0.0,0.0,0.0,0.0,163.0,719.0,2.9,15.3,11.0,75.5,0.0,,,,,
Stefon Diggs,BUF,WR,28534,17,7,287.49,11,100%,0.0,0.0,0.0,0.0,0.0,0.0,0.0,168.0,132.0,1576.0,10.5,,,,,
Sterling Shepard,NYG,WR,29274,17,10,189.06,163,40%,0.0,0.0,0.0,0.0,7.8,48.0,0.0,141.0,96.2,1060.0,5.2,,,,,
T.J. Hockenson,DET,TE,31840,17,9,211.75,56,99%,0.0,0.0,0.0,0.0,0.0,0.0,0.0,153.0,97.7,1082.0,8.9,,,,,
T.Y. Hilton,IND,WR,25802,17,14,154.08,208,23%,0.0,0.0,0.0,0.0,0.0,0.0,0.0,99.4,71.2,897.0,5.0,,,,,
Tampa Bay,TB,DEF,100027,17,9,129.43,159,99%,,,,,,,,,,,,189.0,8.0,DST6,5 out of 5 stars,-86
Tarik Cohen,CHI,RB,30232,17,10,124.08,184,12%,0.0,0.0,0.0,0.0,56.0,218.0,2.4,56.0,42.7,382.0,4.7,,,,,
Teddy Bridgewater,DEN,QB,27560,17,11,295.75,203,10%,4210.0,28.0,16.0,38.9,61.4,249.0,3.6,0.0,0.0,0.0,0.0,,,,,
Tee Higgins,CIN,WR,32703,17,10,213.12,58,96%,0.0,0.0,0.0,0.0,7.2,44.9,0.0,133.0,82.7,1090.0,9.2,,,,,
Tennessee,TEN,DEF,100010,17,13,95.43,290,5%,,,,,,,,,,,,261.0,10.0,DST21,3 out of 5 stars,-44
Terrace Marshall Jr.,CAR,WR,33447,17,13,164.4,183,18%,0.0,0.0,0.0,0.0,0.0,0.0,0.0,104.0,66.6,976.0,5.8,,,,,
Terry McLaurin,WAS,WR,31908,17,9,249.71,27,100%,0.0,0.0,0.0,0.0,0.0,0.0,0.0,159.0,103.0,1435.0,9.0,,,,,
Tevin Coleman,NYJ,RB,28461,17,6,107.97,166,20%,0.0,0.0,0.0,0.0,158.0,676.0,4.1,17.0,12.7,95.0,0.0,,,,,
Tim Patrick,DEN,WR,30511,17,11,111.59,250,2%,0.0,0.0,0.0,0.0,0.0,0.0,0.0,76.5,49.2,647.0,3.7,,,,,
Tom Brady,TB,QB,5228,17,9,350.37,77,99%,5213.0,37.9,13.8,28.0,5.0,6.8,2.7,0.0,0.0,0.0,0.0,,,,,
Tony Pollard,DAL,RB,31960,17,7,130.02,112,57%,0.0,0.0,0.0,0.0,81.6,372.0,2.9,49.3,40.3,260.0,1.3,,,,,
Travis Kelce,KC,TE,26686,17,12,314.1,15,100%,0.0,0.0,0.0,0.0,0.0,0.0,0.0,168.0,134.0,1664.0,12.6,,,,,
Tre'Quan Smith,NO,WR,31061,17,6,98.81,199,7%,0.0,0.0,0.0,0.0,0.0,0.0,0.0,61.2,40.5,547.0,4.0,,,,,
Trent Sherfield,SF,WR,31320,17,6,101.16,238,1%,0.0,0.0,0.0,0.0,0.0,0.0,0.0,71.4,55.2,609.0,2.1,,,,,
Trevor Lawrence,JAX,QB,33389,17,7,297.25,111,81%,4201.0,32.6,10.7,36.9,34.0,181.0,1.6,0.0,0.0,0.0,0.0,,,,,
Trey Sermon,SF,RB,33476,17,6,175.36,60,93%,0.0,0.0,0.0,0.0,213.0,946.0,5.5,34.0,30.3,285.0,0.7,,,,,
Tristan Vizcaino,LAC,K,31808,17,7,7.27,2384,1%,,,,,,,,,,,,,,,,
Tua Tagovailoa,MIA,QB,32675,17,14,286.35,150,32%,4252.0,29.9,14.6,40.6,37.3,204.0,2.0,0.0,0.0,0.0,0.0,,,,,
Tucker McCann,TEN,K,33343,17,13,0.0,2393,0%,,,,,,,,,,,,,,,,
Tutu Atwell,LAR,WR,33445,17,11,101.22,2080,1%,0.0,0.0,0.0,0.0,0.0,0.0,0.0,68.0,45.6,602.0,3.0,,,,,
Ty Johnson,NYJ,RB,32018,17,6,92.82,165,10%,0.0,0.0,0.0,0.0,138.0,579.0,1.4,34.0,23.8,145.0,0.0,,,,,
Tylan Wallace,BAL,WR,33519,17,8,101.07,303,0%,0.0,0.0,0.0,0.0,0.0,0.0,0.0,68.4,41.6,600.0,3.4,,,,,
Tyler Bass,BUF,K,32858,17,7,149.55,207,96%,,,,,,,,,,,,,,,,
Tyler Boyd,CIN,WR,29288,17,10,186.94,69,90%,0.0,0.0,0.0,0.0,6.5,39.8,0.0,150.0,100.0,1017.0,5.4,,,,,
Tyler Higbee,LAR,TE,29344,17,11,156.05,78,96%,0.0,0.0,0.0,0.0,0.0,0.0,0.0,98.9,74.1,802.0,6.5,,,,,
Tyler Kroft,NYJ,TE,28473,17,6,103.04,357,1%,0.0,0.0,0.0,0.0,0.0,0.0,0.0,71.4,49.5,471.0,5.2,,,,,
Tyler Lockett,SEA,WR,28457,17,9,231.21,41,98%,0.0,0.0,0.0,0.0,0.0,0.0,0.0,153.0,111.0,1293.0,7.9,,,,,
Tyreek Hill,KC,WR,29399,17,12,313.8,9,100%,0.0,0.0,0.0,0.0,18.1,107.0,2.3,152.0,106.0,1611.0,12.4,,,,,
Tyrell Williams,DET,WR,28691,17,9,209.87,204,29%,0.0,0.0,0.0,0.0,0.0,0.0,0.0,155.0,84.1,1207.0,7.9,,,,,
Tyrod Taylor,HOU,QB,24967,17,10,260.15,268,3%,3712.0,16.7,8.1,17.1,82.2,429.0,3.2,0.0,0.0,0.0,0.0,,,,,
Van Jefferson Jr.,LAR,WR,32727,17,11,110.35,274,2%,0.0,0.0,0.0,0.0,1.6,12.2,0.0,78.2,52.2,643.0,3.3,,,,,
Washington,WAS,DEF,100028,17,9,106.62,146,98%,,,,,,,,,,,,178.0,8.0,DST4,2 out of 5 stars,-69
Wil Lutz,NO,K,29754,17,6,99.91,231,22%,,,,,,,,,,,,,,,,
Will Fuller V,MIA,WR,29255,17,14,166.38,101,73%,0.0,0.0,0.0,0.0,0.0,0.0,0.0,96.0,62.5,1004.0,6.0,,,,,
Willie Snead IV,LV,WR,28026,17,8,101.77,1835,0%,0.0,0.0,0.0,0.0,0.0,0.0,0.0,79.9,54.0,612.0,2.3,,,,,
Younghoe Koo,ATL,K,30426,17,6,139.57,193,99%,,,,,,,,,,,,,,,,
Zach Ertz,PHI,TE,26658,17,14,117.1,180,28%,0.0,0.0,0.0,0.0,0.0,0.0,0.0,98.6,61.9,626.0,4.1,,,,,
Zach Wilson,NYJ,QB,33390,17,6,290.0,235,18%,4167.0,26.3,11.1,39.4,51.0,252.0,4.0,0.0,0.0,0.0,0.0,,,,,
Zack Moss,BUF,RB,32756,17,7,173.21,89,83%,0.0,0.0,0.0,0.0,183.0,831.0,7.3,34.0,29.2,251.0,1.3,,,,,
Zane Gonzalez,DET,K,30337,0,9,0.0,275,1%,,,,,,,,,,,,,,,,
